route,pageName,actor,domain,authRequirement,designReference,functionStatus,visualStatus,backendApiDependency,missingFunctionality,missingStates,adminCounterpart,partnerCounterpart,priority,estimatedEffort,blockers,sourceFile
"/:locale","LandingPage","Public","Landing","Public browse; session required for protected mutations where applicable","yes","A","B","None for hero; public navigation only","No blocking function gap observed; route links still depend on unfinished destinations","Reduced-motion, low-height and slower-device checks remain","N/A","N/A","P3","S","Route-level design and QA acceptance","apps/web/app/[locale]/page.tsx"
"/:locale/account","account","Guest / member","Auth","Public browse; session required for protected mutations where applicable","yes","B","C","Auth / Users / external OTP-email-OAuth adapters","Production OTP/email and OAuth credentials/integration acceptance remain","Desktop/mobile and Persian/English acceptance is incomplete; loading, empty, error and permission states not all verified","N/A","N/A","P2","S","SMS/email/OAuth provider credentials and production callback configuration","apps/web/app/[locale]/(auth)/account/page.tsx"
"/:locale/account/forgot","forgot","Guest / member","Auth","Public browse; session required for protected mutations where applicable","yes","E","C","Auth / Users / external OTP-email-OAuth adapters","Reset token is not delivered by a production email/SMS provider","Desktop/mobile and Persian/English acceptance is incomplete; loading, empty, error and permission states not all verified","N/A","N/A","P0","S","SMS/email/OAuth provider credentials and production callback configuration","apps/web/app/[locale]/(auth)/account/forgot/page.tsx"
"/:locale/account/reset","reset","Guest / member","Auth","Public browse; session required for protected mutations where applicable","yes","E","C","Auth / Users / external OTP-email-OAuth adapters","Reset token is not delivered by a production email/SMS provider","Desktop/mobile and Persian/English acceptance is incomplete; loading, empty, error and permission states not all verified","N/A","N/A","P0","S","SMS/email/OAuth provider credentials and production callback configuration","apps/web/app/[locale]/(auth)/account/reset/page.tsx"
"/:locale/admin","AdminDashboardView","Admin","Admin Overview","Admin session/role; local review is read-only bypass","yes","B","C","Admin aggregate endpoints","Primary UI exists, but all actions and domain transitions are not accepted end to end","Desktop/mobile and Persian/English acceptance is incomplete; loading, empty, error and permission states not all verified","N/A","N/A","P1","M","Route-level design and QA acceptance","apps/web/app/[locale]/(admin)/admin/page.tsx"
"/:locale/admin/audit","AdminAuditView","Admin","Logs / Audit","Admin session/role; local review is read-only bypass","yes","B","C","Admin audit APIs","Primary UI exists, but all actions and domain transitions are not accepted end to end","Desktop/mobile and Persian/English acceptance is incomplete; loading, empty, error and permission states not all verified","N/A","N/A","P2","S","Route-level design and QA acceptance","apps/web/app/[locale]/(admin)/admin/audit/page.tsx"
"/:locale/admin/content","AdminContentArticleListView","Admin","Admin Content / CMS","Admin session/role; local review is read-only bypass","yes","B","C","Content / Storage / Audit","Primary UI exists, but all actions and domain transitions are not accepted end to end","Desktop/mobile and Persian/English acceptance is incomplete; loading, empty, error and permission states not all verified","N/A","N/A","P1","M","Route-level design and QA acceptance","apps/web/app/[locale]/(admin)/admin/content/page.tsx"
"/:locale/admin/content/:id","AdminContentArticleEditorView","Admin","Admin Content / CMS","Admin session/role; local review is read-only bypass","yes","B","C","Content / Storage / Audit","Dynamic ID, not-found, authorization and mutation path need route-level end-to-end acceptance","Desktop/mobile and Persian/English acceptance is incomplete; loading, empty, error, not-found and forbidden states not all verified","N/A","N/A","P1","M","Deterministic seeded IDs and role-scoped test fixtures","apps/web/app/[locale]/(admin)/admin/content/[id]/page.tsx"
"/:locale/admin/content/:id/versions","AdminContentVersionHistoryView","Admin","Admin Content / CMS","Admin session/role; local review is read-only bypass","yes","B","C","Content / Storage / Audit","Dynamic ID, not-found, authorization and mutation path need route-level end-to-end acceptance","Desktop/mobile and Persian/English acceptance is incomplete; loading, empty, error, not-found and forbidden states not all verified","N/A","N/A","P1","M","Deterministic seeded IDs and role-scoped test fixtures","apps/web/app/[locale]/(admin)/admin/content/[id]/versions/page.tsx"
"/:locale/admin/content/categories","AdminContentCategoriesView","Admin","Admin Content / CMS","Admin session/role; local review is read-only bypass","yes","B","C","Content / Storage / Audit","Primary UI exists, but all actions and domain transitions are not accepted end to end","Desktop/mobile and Persian/English acceptance is incomplete; loading, empty, error and permission states not all verified","N/A","N/A","P1","M","Route-level design and QA acceptance","apps/web/app/[locale]/(admin)/admin/content/categories/page.tsx"
"/:locale/admin/content/media","AdminContentMediaView","Admin","Admin Content / CMS","Admin session/role; local review is read-only bypass","yes","B","C","Content / Storage / Audit","Primary UI exists, but all actions and domain transitions are not accepted end to end","Desktop/mobile and Persian/English acceptance is incomplete; loading, empty, error and permission states not all verified","N/A","N/A","P1","M","Route-level design and QA acceptance","apps/web/app/[locale]/(admin)/admin/content/media/page.tsx"
"/:locale/admin/content/new","AdminContentArticleEditorView","Admin","Admin Content / CMS","Admin session/role; local review is read-only bypass","yes","B","C","Content / Storage / Audit","Primary UI exists, but all actions and domain transitions are not accepted end to end","Desktop/mobile and Persian/English acceptance is incomplete; loading, empty, error and permission states not all verified","N/A","N/A","P1","M","Route-level design and QA acceptance","apps/web/app/[locale]/(admin)/admin/content/new/page.tsx"
"/:locale/admin/content/placements","AdminContentPlacementsView","Admin","Admin Content / CMS","Admin session/role; local review is read-only bypass","yes","B","C","Content / Storage / Audit","Primary UI exists, but all actions and domain transitions are not accepted end to end","Desktop/mobile and Persian/English acceptance is incomplete; loading, empty, error and permission states not all verified","N/A","N/A","P1","M","Route-level design and QA acceptance","apps/web/app/[locale]/(admin)/admin/content/placements/page.tsx"
"/:locale/admin/content/tags","AdminContentTagsView","Admin","Admin Content / CMS","Admin session/role; local review is read-only bypass","yes","B","C","Content / Storage / Audit","Primary UI exists, but all actions and domain transitions are not accepted end to end","Desktop/mobile and Persian/English acceptance is incomplete; loading, empty, error and permission states not all verified","N/A","N/A","P1","M","Route-level design and QA acceptance","apps/web/app/[locale]/(admin)/admin/content/tags/page.tsx"
"/:locale/admin/crm","crm","Admin","CRM","Admin session/role; local review is read-only bypass","no / indirect","C","C","None: sample-only workspace","Sample-only data; actions are not persisted and no domain API is connected","Desktop/mobile and Persian/English acceptance is incomplete; real loading/empty/error/permission states do not exist","N/A","N/A","P1","L","Missing backend/domain implementation","apps/web/app/[locale]/(admin)/admin/crm/page.tsx"
"/:locale/admin/customer-affairs","customer-affairs","Admin","Customer Affairs","Admin session/role; local review is read-only bypass","no / indirect","C","C","None: sample-only workspace","Sample-only data; actions are not persisted and no domain API is connected","Desktop/mobile and Persian/English acceptance is incomplete; real loading/empty/error/permission states do not exist","N/A","N/A","P1","L","Missing backend/domain implementation","apps/web/app/[locale]/(admin)/admin/customer-affairs/page.tsx"
"/:locale/admin/customers","AdminCustomersView","Admin","Admin Customers","Admin session/role; local review is read-only bypass","yes","B","C","Admin / Users / Pets / Orders / Support","Primary UI exists, but all actions and domain transitions are not accepted end to end","Desktop/mobile and Persian/English acceptance is incomplete; loading, empty, error and permission states not all verified","N/A","N/A","P1","M","Route-level design and QA acceptance","apps/web/app/[locale]/(admin)/admin/customers/page.tsx"
"/:locale/admin/customers/:id","Customer360View","Admin","Admin Customers","Admin session/role; local review is read-only bypass","yes","B","C","Admin / Users / Pets / Orders / Support","Dynamic ID, not-found, authorization and mutation path need route-level end-to-end acceptance","Desktop/mobile and Persian/English acceptance is incomplete; loading, empty, error, not-found and forbidden states not all verified","N/A","N/A","P1","M","Deterministic seeded IDs and role-scoped test fixtures","apps/web/app/[locale]/(admin)/admin/customers/[id]/page.tsx"
"/:locale/admin/disputes","AdminDisputesView","Admin","Admin Support / Trust","Admin session/role; local review is read-only bypass","yes","B","C","Admin / Support / Disputes / Trust","Primary UI exists, but all actions and domain transitions are not accepted end to end","Desktop/mobile and Persian/English acceptance is incomplete; loading, empty, error and permission states not all verified","N/A","N/A","P1","M","Route-level design and QA acceptance","apps/web/app/[locale]/(admin)/admin/disputes/page.tsx"
"/:locale/admin/disputes/:id","AdminDisputeDetailView","Admin","Admin Support / Trust","Admin session/role; local review is read-only bypass","yes","B","C","Admin / Support / Disputes / Trust","Dynamic ID, not-found, authorization and mutation path need route-level end-to-end acceptance","Desktop/mobile and Persian/English acceptance is incomplete; loading, empty, error, not-found and forbidden states not all verified","N/A","N/A","P1","M","Deterministic seeded IDs and role-scoped test fixtures","apps/web/app/[locale]/(admin)/admin/disputes/[id]/page.tsx"
"/:locale/admin/providers","AdminProvidersView","Admin","Admin Partners","Admin session/role; local review is read-only bypass","yes","B","C","Admin / Provider OS / Seller OS / Verification","Primary UI exists, but all actions and domain transitions are not accepted end to end","Desktop/mobile and Persian/English acceptance is incomplete; loading, empty, error and permission states not all verified","N/A","N/A","P1","M","Route-level design and QA acceptance","apps/web/app/[locale]/(admin)/admin/providers/page.tsx"
"/:locale/admin/reconciliation","AdminMarketplaceReconciliationView","Admin","Admin Finance","Admin session/role; local review is read-only bypass","yes","B","C","Payments / Ledger / Seller Finance / Reconciliation","Primary UI exists, but all actions and domain transitions are not accepted end to end","Desktop/mobile and Persian/English acceptance is incomplete; loading, empty, error and permission states not all verified","N/A","N/A","P1","M","Route-level design and QA acceptance","apps/web/app/[locale]/(admin)/admin/reconciliation/page.tsx"
"/:locale/admin/seller-finance","AdminSellerFinanceView","Admin","Admin Finance","Admin session/role; local review is read-only bypass","yes","B","C","Payments / Ledger / Seller Finance / Reconciliation","Primary UI exists, but all actions and domain transitions are not accepted end to end","Desktop/mobile and Persian/English acceptance is incomplete; loading, empty, error and permission states not all verified","N/A","N/A","P1","M","Route-level design and QA acceptance","apps/web/app/[locale]/(admin)/admin/seller-finance/page.tsx"
"/:locale/admin/seller-finance/:id","AdminSellerFinanceDetailView","Admin","Admin Finance","Admin session/role; local review is read-only bypass","yes","B","C","Payments / Ledger / Seller Finance / Reconciliation","Dynamic ID, not-found, authorization and mutation path need route-level end-to-end acceptance","Desktop/mobile and Persian/English acceptance is incomplete; loading, empty, error, not-found and forbidden states not all verified","N/A","N/A","P1","M","Deterministic seeded IDs and role-scoped test fixtures","apps/web/app/[locale]/(admin)/admin/seller-finance/[id]/page.tsx"
"/:locale/admin/sellers","AdminSellersView","Admin","Admin Partners","Admin session/role; local review is read-only bypass","yes","B","C","Admin / Provider OS / Seller OS / Verification","Primary UI exists, but all actions and domain transitions are not accepted end to end","Desktop/mobile and Persian/English acceptance is incomplete; loading, empty, error and permission states not all verified","N/A","N/A","P1","M","Route-level design and QA acceptance","apps/web/app/[locale]/(admin)/admin/sellers/page.tsx"
"/:locale/admin/settlements/:id","AdminSettlementDetailView","Admin","Admin Finance","Admin session/role; local review is read-only bypass","yes","B","C","Payments / Ledger / Seller Finance / Reconciliation","Dynamic ID, not-found, authorization and mutation path need route-level end-to-end acceptance","Desktop/mobile and Persian/English acceptance is incomplete; loading, empty, error, not-found and forbidden states not all verified","N/A","N/A","P1","M","Deterministic seeded IDs and role-scoped test fixtures","apps/web/app/[locale]/(admin)/admin/settlements/[id]/page.tsx"
"/:locale/admin/subscriptions","AdminSubscriptionPlansView","Admin","Admin Subscription","Admin session/role; local review is read-only bypass","yes","B","C","Admin / Subscriptions / Billing","Primary UI exists, but all actions and domain transitions are not accepted end to end","Desktop/mobile and Persian/English acceptance is incomplete; loading, empty, error and permission states not all verified","N/A","N/A","P1","M","Route-level design and QA acceptance","apps/web/app/[locale]/(admin)/admin/subscriptions/page.tsx"
"/:locale/admin/subscriptions/households","AdminSubscriptionHouseholdsView","Admin","Admin Subscription","Admin session/role; local review is read-only bypass","yes","B","C","Admin / Subscriptions / Billing","Primary UI exists, but all actions and domain transitions are not accepted end to end","Desktop/mobile and Persian/English acceptance is incomplete; loading, empty, error and permission states not all verified","N/A","N/A","P1","M","Route-level design and QA acceptance","apps/web/app/[locale]/(admin)/admin/subscriptions/households/page.tsx"
"/:locale/admin/subscriptions/households/:id","AdminSubscriptionHouseholdDetailView","Admin","Admin Subscription","Admin session/role; local review is read-only bypass","yes","B","C","Admin / Subscriptions / Billing","Dynamic ID, not-found, authorization and mutation path need route-level end-to-end acceptance","Desktop/mobile and Persian/English acceptance is incomplete; loading, empty, error, not-found and forbidden states not all verified","N/A","N/A","P1","M","Deterministic seeded IDs and role-scoped test fixtures","apps/web/app/[locale]/(admin)/admin/subscriptions/households/[id]/page.tsx"
"/:locale/admin/support","AdminSupportQueueView","Admin","Admin Support / Trust","Admin session/role; local review is read-only bypass","yes","B","C","Admin / Support / Disputes / Trust","Primary UI exists, but all actions and domain transitions are not accepted end to end","Desktop/mobile and Persian/English acceptance is incomplete; loading, empty, error and permission states not all verified","N/A","N/A","P1","M","Route-level design and QA acceptance","apps/web/app/[locale]/(admin)/admin/support/page.tsx"
"/:locale/admin/support/:caseId","AdminSupportCaseDetailView","Admin","Admin Support / Trust","Admin session/role; local review is read-only bypass","yes","B","C","Admin / Support / Disputes / Trust","Dynamic ID, not-found, authorization and mutation path need route-level end-to-end acceptance","Desktop/mobile and Persian/English acceptance is incomplete; loading, empty, error, not-found and forbidden states not all verified","N/A","N/A","P1","M","Deterministic seeded IDs and role-scoped test fixtures","apps/web/app/[locale]/(admin)/admin/support/[caseId]/page.tsx"
"/:locale/admin/tasks","AdminTasksView","Admin","Admin Overview","Admin session/role; local review is read-only bypass","yes","B","C","Admin aggregate endpoints","Primary UI exists, but all actions and domain transitions are not accepted end to end","Desktop/mobile and Persian/English acceptance is incomplete; loading, empty, error and permission states not all verified","N/A","N/A","P1","M","Route-level design and QA acceptance","apps/web/app/[locale]/(admin)/admin/tasks/page.tsx"
"/:locale/admin/transactions","AdminTransactionsView","Admin","Admin Finance","Admin session/role; local review is read-only bypass","yes","B","C","Payments / Ledger / Seller Finance / Reconciliation","Primary UI exists, but all actions and domain transitions are not accepted end to end","Desktop/mobile and Persian/English acceptance is incomplete; loading, empty, error and permission states not all verified","N/A","N/A","P1","M","Route-level design and QA acceptance","apps/web/app/[locale]/(admin)/admin/transactions/page.tsx"
"/:locale/admin/trust","AdminTrustView","Admin","Admin Support / Trust","Admin session/role; local review is read-only bypass","yes","B","C","Admin / Support / Disputes / Trust","Primary UI exists, but all actions and domain transitions are not accepted end to end","Desktop/mobile and Persian/English acceptance is incomplete; loading, empty, error and permission states not all verified","N/A","N/A","P1","M","Route-level design and QA acceptance","apps/web/app/[locale]/(admin)/admin/trust/page.tsx"
"/:locale/admin/trust/:id","AdminTrustCaseDetailView","Admin","Admin Support / Trust","Admin session/role; local review is read-only bypass","yes","B","C","Admin / Support / Disputes / Trust","Dynamic ID, not-found, authorization and mutation path need route-level end-to-end acceptance","Desktop/mobile and Persian/English acceptance is incomplete; loading, empty, error, not-found and forbidden states not all verified","N/A","N/A","P1","M","Deterministic seeded IDs and role-scoped test fixtures","apps/web/app/[locale]/(admin)/admin/trust/[id]/page.tsx"
"/:locale/ai","PlaceholderView","Member","AI","Member session; local review bypass exists","no / indirect","C","D","No production AI capability wired","Placeholder only; no production assistant workflow or backend","Desktop/mobile and Persian/English acceptance is incomplete; loading, empty, error and permission states not all verified","N/A","N/A","P1","L","Missing backend/domain implementation","apps/web/app/[locale]/(app)/ai/page.tsx"
"/:locale/animal-support","AnimalSupportOrganizationListView","Public / member","Animal Support","Public browse; session required for protected mutations where applicable","yes","B","C","Animal Support / Storage / Notifications","Primary UI exists, but all actions and domain transitions are not accepted end to end","Desktop/mobile and Persian/English acceptance is incomplete; loading, empty, error and permission states not all verified","No admin animal-support page","Missing shelter/NGO portal","P1","S","Route-level design and QA acceptance","apps/web/app/[locale]/(public)/animal-support/page.tsx"
"/:locale/animal-support/campaigns","SupportCampaignListView","Public / member","Animal Support","Public browse; session required for protected mutations where applicable","yes","B","C","Animal Support / Storage / Notifications","Primary UI exists, but all actions and domain transitions are not accepted end to end","Desktop/mobile and Persian/English acceptance is incomplete; loading, empty, error and permission states not all verified","No admin animal-support page","Missing shelter/NGO portal","P1","S","Route-level design and QA acceptance","apps/web/app/[locale]/(public)/animal-support/campaigns/page.tsx"
"/:locale/animal-support/campaigns/:campaignId","SupportCampaignDetailView","Public / member","Animal Support","Public browse; session required for protected mutations where applicable","yes","B","C","Animal Support / Storage / Notifications","Dynamic ID, not-found, authorization and mutation path need route-level end-to-end acceptance","Desktop/mobile and Persian/English acceptance is incomplete; loading, empty, error, not-found and forbidden states not all verified","No admin animal-support page","Missing shelter/NGO portal","P1","M","Deterministic seeded IDs and role-scoped test fixtures","apps/web/app/[locale]/(public)/animal-support/campaigns/[campaignId]/page.tsx"
"/:locale/animal-support/needs","SupportNeedsListView","Public / member","Animal Support","Public browse; session required for protected mutations where applicable","yes","B","C","Animal Support / Storage / Notifications","Primary UI exists, but all actions and domain transitions are not accepted end to end","Desktop/mobile and Persian/English acceptance is incomplete; loading, empty, error and permission states not all verified","No admin animal-support page","Missing shelter/NGO portal","P1","S","Route-level design and QA acceptance","apps/web/app/[locale]/(public)/animal-support/needs/page.tsx"
"/:locale/animal-support/needs/:listingId","SupportNeedDetailView","Public / member","Animal Support","Public browse; session required for protected mutations where applicable","yes","B","C","Animal Support / Storage / Notifications","Dynamic ID, not-found, authorization and mutation path need route-level end-to-end acceptance","Desktop/mobile and Persian/English acceptance is incomplete; loading, empty, error, not-found and forbidden states not all verified","No admin animal-support page","Missing shelter/NGO portal","P1","M","Deterministic seeded IDs and role-scoped test fixtures","apps/web/app/[locale]/(public)/animal-support/needs/[listingId]/page.tsx"
"/:locale/animal-support/needs/mine","MySupportNeedsView","Public / member","Animal Support","Public browse; session required for protected mutations where applicable","yes","B","C","Animal Support / Storage / Notifications","Primary UI exists, but all actions and domain transitions are not accepted end to end","Desktop/mobile and Persian/English acceptance is incomplete; loading, empty, error and permission states not all verified","No admin animal-support page","Missing shelter/NGO portal","P1","S","Route-level design and QA acceptance","apps/web/app/[locale]/(public)/animal-support/needs/mine/page.tsx"
"/:locale/animal-support/needs/new","CreateSupportNeedView","Public / member","Animal Support","Public browse; session required for protected mutations where applicable","yes","B","C","Animal Support / Storage / Notifications","Primary UI exists, but all actions and domain transitions are not accepted end to end","Desktop/mobile and Persian/English acceptance is incomplete; loading, empty, error and permission states not all verified","No admin animal-support page","Missing shelter/NGO portal","P1","S","Route-level design and QA acceptance","apps/web/app/[locale]/(public)/animal-support/needs/new/page.tsx"
"/:locale/animal-support/organizations/:organizationId","AnimalSupportOrganizationDetailView","Public / member","Animal Support","Public browse; session required for protected mutations where applicable","yes","B","C","Animal Support / Storage / Notifications","Dynamic ID, not-found, authorization and mutation path need route-level end-to-end acceptance","Desktop/mobile and Persian/English acceptance is incomplete; loading, empty, error, not-found and forbidden states not all verified","No admin animal-support page","Missing shelter/NGO portal","P1","M","Deterministic seeded IDs and role-scoped test fixtures","apps/web/app/[locale]/(public)/animal-support/organizations/[organizationId]/page.tsx"
"/:locale/auth","auth","Guest / member","Auth","Public browse; session required for protected mutations where applicable","yes","B","C","Auth / Users / external OTP-email-OAuth adapters","Production OTP/email and OAuth credentials/integration acceptance remain","Desktop/mobile and Persian/English acceptance is incomplete; loading, empty, error and permission states not all verified","N/A","N/A","P2","S","SMS/email/OAuth provider credentials and production callback configuration","apps/web/app/[locale]/(auth)/auth/page.tsx"
"/:locale/auth/complete","complete","Guest / member","Auth","Public browse; session required for protected mutations where applicable","yes","B","C","Auth / Users / external OTP-email-OAuth adapters","Production OTP/email and OAuth credentials/integration acceptance remain","Desktop/mobile and Persian/English acceptance is incomplete; loading, empty, error and permission states not all verified","N/A","N/A","P2","S","SMS/email/OAuth provider credentials and production callback configuration","apps/web/app/[locale]/(auth)/auth/complete/page.tsx"
"/:locale/blog","PublicBlogIndexView","Public / member","Blog","Public browse; session required for protected mutations where applicable","yes","B","C","Content / CMS / Storage","Primary UI exists, but all actions and domain transitions are not accepted end to end","Desktop/mobile and Persian/English acceptance is incomplete; loading, empty, error and permission states not all verified","Admin CMS exists","N/A","P2","S","Route-level design and QA acceptance","apps/web/app/[locale]/(public)/blog/page.tsx"
"/:locale/blog/:slug","PublicBlogArticleView","Public / member","Blog","Public browse; session required for protected mutations where applicable","yes","B","C","Content / CMS / Storage","Dynamic ID, not-found, authorization and mutation path need route-level end-to-end acceptance","Desktop/mobile and Persian/English acceptance is incomplete; loading, empty, error, not-found and forbidden states not all verified","Admin CMS exists","N/A","P2","M","Deterministic seeded IDs and role-scoped test fixtures","apps/web/app/[locale]/(public)/blog/[slug]/page.tsx"
"/:locale/blog/category/:slug","PublicBlogCategoryView","Public / member","Blog","Public browse; session required for protected mutations where applicable","yes","B","C","Content / CMS / Storage","Dynamic ID, not-found, authorization and mutation path need route-level end-to-end acceptance","Desktop/mobile and Persian/English acceptance is incomplete; loading, empty, error, not-found and forbidden states not all verified","Admin CMS exists","N/A","P2","M","Deterministic seeded IDs and role-scoped test fixtures","apps/web/app/[locale]/(public)/blog/category/[slug]/page.tsx"
"/:locale/blog/tag/:slug","PublicBlogTagView","Public / member","Blog","Public browse; session required for protected mutations where applicable","yes","B","C","Content / CMS / Storage","Dynamic ID, not-found, authorization and mutation path need route-level end-to-end acceptance","Desktop/mobile and Persian/English acceptance is incomplete; loading, empty, error, not-found and forbidden states not all verified","Admin CMS exists","N/A","P2","M","Deterministic seeded IDs and role-scoped test fixtures","apps/web/app/[locale]/(public)/blog/tag/[slug]/page.tsx"
"/:locale/bookings","MyBookingsView","Member","Booking","Member session; local review bypass exists","yes","B","C","Bookings / Providers / Services / Notifications","Primary UI exists, but all actions and domain transitions are not accepted end to end","Desktop/mobile and Persian/English acceptance is incomplete; loading, empty, error and permission states not all verified","No dedicated admin booking operations page","Provider bookings exists","P1","S","Route-level design and QA acceptance","apps/web/app/[locale]/(app)/bookings/page.tsx"
"/:locale/bookings/:id","BookingDetailView","Member","Booking","Member session; local review bypass exists","yes","B","C","Bookings / Providers / Services / Notifications","Dynamic ID, not-found, authorization and mutation path need route-level end-to-end acceptance","Desktop/mobile and Persian/English acceptance is incomplete; loading, empty, error, not-found and forbidden states not all verified","No dedicated admin booking operations page","Provider bookings exists","P1","M","Deterministic seeded IDs and role-scoped test fixtures","apps/web/app/[locale]/(app)/bookings/[id]/page.tsx"
"/:locale/care-calendar","CareCalendarView","Member","Care / Reminders","Member session; local review bypass exists","yes","B","C","Care Calendar / Care Profile / Notifications","Primary UI exists, but all actions and domain transitions are not accepted end to end","Desktop/mobile and Persian/English acceptance is incomplete; loading, empty, error and permission states not all verified","N/A","N/A","P2","S","Route-level design and QA acceptance","apps/web/app/[locale]/(app)/care-calendar/page.tsx"
"/:locale/cart","CartView","Member","Cart","Member session; local review bypass exists","yes","B","C","Cart / Catalog / Pet Access","Primary UI exists, but all actions and domain transitions are not accepted end to end","Desktop/mobile and Persian/English acceptance is incomplete; loading, empty, error and permission states not all verified","N/A","N/A","P2","S","Route-level design and QA acceptance","apps/web/app/[locale]/(app)/cart/page.tsx"
"/:locale/checkout","CheckoutView","Member","Checkout","Member session; local review bypass exists","yes","E","C","Checkout / Payment / Financing / Logistics / Orders","Live payment/BNPL adapters are not implemented; only simulated flow is proven","Desktop/mobile and Persian/English acceptance is incomplete; loading, empty, error and permission states not all verified","Finance/reconciliation only; no checkout incident workspace","Seller order/finance exists","P0","L","Merchant, BNPL and shipping production credentials/contracts","apps/web/app/[locale]/(app)/checkout/page.tsx"
"/:locale/checkout/:id/confirmation","OrderConfirmationView","Member","Checkout","Member session; local review bypass exists","yes","E","C","Checkout / Payment / Financing / Logistics / Orders","Live payment/BNPL adapters are not implemented; only simulated flow is proven","Desktop/mobile and Persian/English acceptance is incomplete; loading, empty, error, not-found and forbidden states not all verified","Finance/reconciliation only; no checkout incident workspace","Seller order/finance exists","P0","L","Merchant, BNPL and shipping production credentials/contracts","apps/web/app/[locale]/(app)/checkout/[id]/confirmation/page.tsx"
"/:locale/checkout/:id/ops","CheckoutOpsView","Member","Checkout","Member session; local review bypass exists","yes","E","C","Checkout / Payment / Financing / Logistics / Orders","Live payment/BNPL adapters are not implemented; only simulated flow is proven","Desktop/mobile and Persian/English acceptance is incomplete; loading, empty, error, not-found and forbidden states not all verified","Finance/reconciliation only; no checkout incident workspace","Seller order/finance exists","P0","L","Merchant, BNPL and shipping production credentials/contracts","apps/web/app/[locale]/(app)/checkout/[id]/ops/page.tsx"
"/:locale/community","CommunityFeedView","Public / member","Community","Public browse; session required for protected mutations where applicable","yes","B","C","Community / Storage","Primary UI exists, but all actions and domain transitions are not accepted end to end","Desktop/mobile and Persian/English acceptance is incomplete; loading, empty, error and permission states not all verified","No admin community moderation page","N/A","P2","S","Route-level design and QA acceptance","apps/web/app/[locale]/(public)/community/page.tsx"
"/:locale/community/new","CreateCommunityPostView","Public / member","Community","Public browse; session required for protected mutations where applicable","yes","B","C","Community / Storage","Primary UI exists, but all actions and domain transitions are not accepted end to end","Desktop/mobile and Persian/English acceptance is incomplete; loading, empty, error and permission states not all verified","No admin community moderation page","N/A","P2","S","Route-level design and QA acceptance","apps/web/app/[locale]/(public)/community/new/page.tsx"
"/:locale/community/posts/:postId","CommunityPostDetailView","Public / member","Community","Public browse; session required for protected mutations where applicable","yes","B","C","Community / Storage","Dynamic ID, not-found, authorization and mutation path need route-level end-to-end acceptance","Desktop/mobile and Persian/English acceptance is incomplete; loading, empty, error, not-found and forbidden states not all verified","No admin community moderation page","N/A","P2","M","Deterministic seeded IDs and role-scoped test fixtures","apps/web/app/[locale]/(public)/community/posts/[postId]/page.tsx"
"/:locale/donations","MyDonationsView","Member","Animal Support","Member session; local review bypass exists","yes","B","C","Animal Support / Storage / Notifications","Primary UI exists, but all actions and domain transitions are not accepted end to end","Desktop/mobile and Persian/English acceptance is incomplete; loading, empty, error and permission states not all verified","No admin animal-support page","Missing shelter/NGO portal","P1","S","Route-level design and QA acceptance","apps/web/app/[locale]/(app)/donations/page.tsx"
"/:locale/home","ApprovedDashboardView","Member","Member Home","Member session; local review bypass exists","yes","B","C","Home aggregates / session context","Primary UI exists, but all actions and domain transitions are not accepted end to end","Desktop/mobile and Persian/English acceptance is incomplete; loading, empty, error and permission states not all verified","N/A","N/A","P2","S","Route-level design and QA acceptance","apps/web/app/[locale]/(app)/home/page.tsx"
"/:locale/insurance","InsuranceListView","Public / member","Insurance","Public browse; session required for protected mutations where applicable","yes","B","C","Insurance","Primary UI exists, but all actions and domain transitions are not accepted end to end","Desktop/mobile and Persian/English acceptance is incomplete; loading, empty, error and permission states not all verified","No admin insurance page","Missing insurer portal","P1","S","Route-level design and QA acceptance","apps/web/app/[locale]/(public)/insurance/page.tsx"
"/:locale/insurance/:productId","InsuranceProductDetailView","Public / member","Insurance","Public browse; session required for protected mutations where applicable","yes","B","C","Insurance","Dynamic ID, not-found, authorization and mutation path need route-level end-to-end acceptance","Desktop/mobile and Persian/English acceptance is incomplete; loading, empty, error, not-found and forbidden states not all verified","No admin insurance page","Missing insurer portal","P1","M","Deterministic seeded IDs and role-scoped test fixtures","apps/web/app/[locale]/(public)/insurance/[productId]/page.tsx"
"/:locale/insurance/compare","InsuranceCompareView","Public / member","Insurance","Public browse; session required for protected mutations where applicable","yes","B","C","Insurance","Primary UI exists, but all actions and domain transitions are not accepted end to end","Desktop/mobile and Persian/English acceptance is incomplete; loading, empty, error and permission states not all verified","No admin insurance page","Missing insurer portal","P1","S","Route-level design and QA acceptance","apps/web/app/[locale]/(public)/insurance/compare/page.tsx"
"/:locale/lost-pets","PublicLostPetListView","Public / member","Lost Pet","Public browse; session required for protected mutations where applicable","yes","B","C","Lost Pet / Storage / messaging","Primary UI exists, but all actions and domain transitions are not accepted end to end","Desktop/mobile and Persian/English acceptance is incomplete; loading, empty, error and permission states not all verified","No admin lost-pet operations page","N/A","P2","S","Route-level design and QA acceptance","apps/web/app/[locale]/(public)/lost-pets/page.tsx"
"/:locale/lost-pets/:incidentId","PublicLostPetView","Public / member","Lost Pet","Public browse; session required for protected mutations where applicable","yes","B","C","Lost Pet / Storage / messaging","Dynamic ID, not-found, authorization and mutation path need route-level end-to-end acceptance","Desktop/mobile and Persian/English acceptance is incomplete; loading, empty, error, not-found and forbidden states not all verified","No admin lost-pet operations page","N/A","P2","M","Deterministic seeded IDs and role-scoped test fixtures","apps/web/app/[locale]/(public)/lost-pets/[incidentId]/page.tsx"
"/:locale/notifications","NotificationCenterView","Member","Notifications","Member session; local review bypass exists","yes","B","C","Notifications / SMS-email-push adapters","Production SMS/email/push delivery and scheduled care triggers are incomplete","Desktop/mobile and Persian/English acceptance is incomplete; loading, empty, error and permission states not all verified","No admin notification operations page","N/A","P1","S","SMS/email/push provider credentials","apps/web/app/[locale]/(app)/notifications/page.tsx"
"/:locale/notifications/preferences","NotificationPreferencesView","Member","Notifications","Member session; local review bypass exists","yes","B","C","Notifications / SMS-email-push adapters","Production SMS/email/push delivery and scheduled care triggers are incomplete","Desktop/mobile and Persian/English acceptance is incomplete; loading, empty, error and permission states not all verified","No admin notification operations page","N/A","P1","S","SMS/email/push provider credentials","apps/web/app/[locale]/(app)/notifications/preferences/page.tsx"
"/:locale/onboarding","OnboardingWizard","Member","Onboarding","Member session; local review bypass exists","yes","B","C","Onboarding / Pets / Households","Primary UI exists, but all actions and domain transitions are not accepted end to end","Desktop/mobile and Persian/English acceptance is incomplete; loading, empty, error and permission states not all verified","N/A","N/A","P2","S","Route-level design and QA acceptance","apps/web/app/[locale]/(app)/onboarding/page.tsx"
"/:locale/orders","MyOrdersView","Member","Orders","Member session; local review bypass exists","yes","B","C","Orders / Fulfillment / Refunds / Logistics","Primary UI exists, but all actions and domain transitions are not accepted end to end","Desktop/mobile and Persian/English acceptance is incomplete; loading, empty, error and permission states not all verified","No admin order operations page","Seller orders exists","P1","S","Route-level design and QA acceptance","apps/web/app/[locale]/(app)/orders/page.tsx"
"/:locale/orders/:id","OrderDetailView","Member","Orders","Member session; local review bypass exists","yes","B","C","Orders / Fulfillment / Refunds / Logistics","Dynamic ID, not-found, authorization and mutation path need route-level end-to-end acceptance","Desktop/mobile and Persian/English acceptance is incomplete; loading, empty, error, not-found and forbidden states not all verified","No admin order operations page","Seller orders exists","P1","M","Deterministic seeded IDs and role-scoped test fixtures","apps/web/app/[locale]/(app)/orders/[id]/page.tsx"
"/:locale/pets","MyPetsView","Member","Pets / Pet Profile","Member session; local review bypass exists","yes","B","C","Pets / Pet Access / Households","Primary UI exists, but all actions and domain transitions are not accepted end to end","Desktop/mobile and Persian/English acceptance is incomplete; loading, empty, error and permission states not all verified","Admin customer 360 only; no pet operations workspace","N/A","P2","S","Route-level design and QA acceptance","apps/web/app/[locale]/(app)/pets/page.tsx"
"/:locale/pets/:id","PetProfileView","Member","Pets / Pet Profile","Member session; local review bypass exists","yes","B","C","Pets / Pet Access / Households","Dynamic ID, not-found, authorization and mutation path need route-level end-to-end acceptance","Desktop/mobile and Persian/English acceptance is incomplete; loading, empty, error, not-found and forbidden states not all verified","Admin customer 360 only; no pet operations workspace","N/A","P2","M","Deterministic seeded IDs and role-scoped test fixtures","apps/web/app/[locale]/(app)/pets/[id]/page.tsx"
"/:locale/pets/:id/care","CareProfileView","Member","Care / Reminders","Member session; local review bypass exists","yes","B","C","Care Calendar / Care Profile / Notifications","Dynamic ID, not-found, authorization and mutation path need route-level end-to-end acceptance","Desktop/mobile and Persian/English acceptance is incomplete; loading, empty, error, not-found and forbidden states not all verified","N/A","N/A","P2","M","Deterministic seeded IDs and role-scoped test fixtures","apps/web/app/[locale]/(app)/pets/[id]/care/page.tsx"
"/:locale/pets/:id/health","HealthOverviewView","Member","Health","Member session; local review bypass exists","yes","B","C","Health / Clinical Health / Storage","Dynamic ID, not-found, authorization and mutation path need route-level end-to-end acceptance","Desktop/mobile and Persian/English acceptance is incomplete; loading, empty, error, not-found and forbidden states not all verified","N/A","N/A","P1","M","Deterministic seeded IDs and role-scoped test fixtures","apps/web/app/[locale]/(app)/pets/[id]/health/page.tsx"
"/:locale/pets/:id/health/advanced","AdvancedHealthOverviewView","Member","Health","Member session; local review bypass exists","yes","B","C","Health / Clinical Health / Storage","Dynamic ID, not-found, authorization and mutation path need route-level end-to-end acceptance","Desktop/mobile and Persian/English acceptance is incomplete; loading, empty, error, not-found and forbidden states not all verified","N/A","N/A","P1","M","Deterministic seeded IDs and role-scoped test fixtures","apps/web/app/[locale]/(app)/pets/[id]/health/advanced/page.tsx"
"/:locale/pets/:id/health/advanced/dental","HealthDentalView","Member","Health","Member session; local review bypass exists","yes","B","C","Health / Clinical Health / Storage","Dynamic ID, not-found, authorization and mutation path need route-level end-to-end acceptance","Desktop/mobile and Persian/English acceptance is incomplete; loading, empty, error, not-found and forbidden states not all verified","N/A","N/A","P1","M","Deterministic seeded IDs and role-scoped test fixtures","apps/web/app/[locale]/(app)/pets/[id]/health/advanced/dental/page.tsx"
"/:locale/pets/:id/health/advanced/discharge","HealthDischargeSummariesView","Member","Health","Member session; local review bypass exists","yes","B","C","Health / Clinical Health / Storage","Dynamic ID, not-found, authorization and mutation path need route-level end-to-end acceptance","Desktop/mobile and Persian/English acceptance is incomplete; loading, empty, error, not-found and forbidden states not all verified","N/A","N/A","P1","M","Deterministic seeded IDs and role-scoped test fixtures","apps/web/app/[locale]/(app)/pets/[id]/health/advanced/discharge/page.tsx"
"/:locale/pets/:id/health/advanced/documents","HealthDocumentsView","Member","Documents","Member session; local review bypass exists","yes","B","C","Clinical Health / Storage","Dynamic ID, not-found, authorization and mutation path need route-level end-to-end acceptance","Desktop/mobile and Persian/English acceptance is incomplete; loading, empty, error, not-found and forbidden states not all verified","N/A","N/A","P1","M","Deterministic seeded IDs and role-scoped test fixtures","apps/web/app/[locale]/(app)/pets/[id]/health/advanced/documents/page.tsx"
"/:locale/pets/:id/health/advanced/estimates","HealthEstimatesView","Member","Health","Member session; local review bypass exists","yes","B","C","Health / Clinical Health / Storage","Dynamic ID, not-found, authorization and mutation path need route-level end-to-end acceptance","Desktop/mobile and Persian/English acceptance is incomplete; loading, empty, error, not-found and forbidden states not all verified","N/A","N/A","P1","M","Deterministic seeded IDs and role-scoped test fixtures","apps/web/app/[locale]/(app)/pets/[id]/health/advanced/estimates/page.tsx"
"/:locale/pets/:id/health/advanced/imaging","HealthImagingView","Member","Health","Member session; local review bypass exists","yes","B","C","Health / Clinical Health / Storage","Dynamic ID, not-found, authorization and mutation path need route-level end-to-end acceptance","Desktop/mobile and Persian/English acceptance is incomplete; loading, empty, error, not-found and forbidden states not all verified","N/A","N/A","P1","M","Deterministic seeded IDs and role-scoped test fixtures","apps/web/app/[locale]/(app)/pets/[id]/health/advanced/imaging/page.tsx"
"/:locale/pets/:id/health/advanced/labs","HealthLabsView","Member","Health","Member session; local review bypass exists","yes","B","C","Health / Clinical Health / Storage","Dynamic ID, not-found, authorization and mutation path need route-level end-to-end acceptance","Desktop/mobile and Persian/English acceptance is incomplete; loading, empty, error, not-found and forbidden states not all verified","N/A","N/A","P1","M","Deterministic seeded IDs and role-scoped test fixtures","apps/web/app/[locale]/(app)/pets/[id]/health/advanced/labs/page.tsx"
"/:locale/pets/:id/health/advanced/nutrition","HealthNutritionView","Member","Health","Member session; local review bypass exists","yes","B","C","Health / Clinical Health / Storage","Dynamic ID, not-found, authorization and mutation path need route-level end-to-end acceptance","Desktop/mobile and Persian/English acceptance is incomplete; loading, empty, error, not-found and forbidden states not all verified","N/A","N/A","P1","M","Deterministic seeded IDs and role-scoped test fixtures","apps/web/app/[locale]/(app)/pets/[id]/health/advanced/nutrition/page.tsx"
"/:locale/pets/:id/health/advanced/observations","HealthObservationsView","Member","Health","Member session; local review bypass exists","yes","B","C","Health / Clinical Health / Storage","Dynamic ID, not-found, authorization and mutation path need route-level end-to-end acceptance","Desktop/mobile and Persian/English acceptance is incomplete; loading, empty, error, not-found and forbidden states not all verified","N/A","N/A","P1","M","Deterministic seeded IDs and role-scoped test fixtures","apps/web/app/[locale]/(app)/pets/[id]/health/advanced/observations/page.tsx"
"/:locale/pets/:id/health/advanced/referrals","HealthReferralsView","Member","Health","Member session; local review bypass exists","yes","B","C","Health / Clinical Health / Storage","Dynamic ID, not-found, authorization and mutation path need route-level end-to-end acceptance","Desktop/mobile and Persian/English acceptance is incomplete; loading, empty, error, not-found and forbidden states not all verified","N/A","N/A","P1","M","Deterministic seeded IDs and role-scoped test fixtures","apps/web/app/[locale]/(app)/pets/[id]/health/advanced/referrals/page.tsx"
"/:locale/pets/:id/health/advanced/rehab","HealthRehabView","Member","Health","Member session; local review bypass exists","yes","B","C","Health / Clinical Health / Storage","Dynamic ID, not-found, authorization and mutation path need route-level end-to-end acceptance","Desktop/mobile and Persian/English acceptance is incomplete; loading, empty, error, not-found and forbidden states not all verified","N/A","N/A","P1","M","Deterministic seeded IDs and role-scoped test fixtures","apps/web/app/[locale]/(app)/pets/[id]/health/advanced/rehab/page.tsx"
"/:locale/pets/:id/health/advanced/timeline","HealthTimelineView","Member","Health","Member session; local review bypass exists","yes","B","C","Health / Clinical Health / Storage","Dynamic ID, not-found, authorization and mutation path need route-level end-to-end acceptance","Desktop/mobile and Persian/English acceptance is incomplete; loading, empty, error, not-found and forbidden states not all verified","N/A","N/A","P1","M","Deterministic seeded IDs and role-scoped test fixtures","apps/web/app/[locale]/(app)/pets/[id]/health/advanced/timeline/page.tsx"
"/:locale/pets/:id/health/advanced/vitals","HealthVitalsView","Member","Health","Member session; local review bypass exists","yes","B","C","Health / Clinical Health / Storage","Dynamic ID, not-found, authorization and mutation path need route-level end-to-end acceptance","Desktop/mobile and Persian/English acceptance is incomplete; loading, empty, error, not-found and forbidden states not all verified","N/A","N/A","P1","M","Deterministic seeded IDs and role-scoped test fixtures","apps/web/app/[locale]/(app)/pets/[id]/health/advanced/vitals/page.tsx"
"/:locale/pets/:id/health/allergies","AllergiesView","Member","Health","Member session; local review bypass exists","yes","B","C","Health / Clinical Health / Storage","Dynamic ID, not-found, authorization and mutation path need route-level end-to-end acceptance","Desktop/mobile and Persian/English acceptance is incomplete; loading, empty, error, not-found and forbidden states not all verified","N/A","N/A","P1","M","Deterministic seeded IDs and role-scoped test fixtures","apps/web/app/[locale]/(app)/pets/[id]/health/allergies/page.tsx"
"/:locale/pets/:id/health/conditions","ConditionsView","Member","Health","Member session; local review bypass exists","yes","B","C","Health / Clinical Health / Storage","Dynamic ID, not-found, authorization and mutation path need route-level end-to-end acceptance","Desktop/mobile and Persian/English acceptance is incomplete; loading, empty, error, not-found and forbidden states not all verified","N/A","N/A","P1","M","Deterministic seeded IDs and role-scoped test fixtures","apps/web/app/[locale]/(app)/pets/[id]/health/conditions/page.tsx"
"/:locale/pets/:id/health/medications","MedicationsView","Member","Health","Member session; local review bypass exists","yes","B","C","Health / Clinical Health / Storage","Dynamic ID, not-found, authorization and mutation path need route-level end-to-end acceptance","Desktop/mobile and Persian/English acceptance is incomplete; loading, empty, error, not-found and forbidden states not all verified","N/A","N/A","P1","M","Deterministic seeded IDs and role-scoped test fixtures","apps/web/app/[locale]/(app)/pets/[id]/health/medications/page.tsx"
"/:locale/pets/:id/health/nutrition","NutritionBasicsView","Member","Health","Member session; local review bypass exists","yes","B","C","Health / Clinical Health / Storage","Dynamic ID, not-found, authorization and mutation path need route-level end-to-end acceptance","Desktop/mobile and Persian/English acceptance is incomplete; loading, empty, error, not-found and forbidden states not all verified","N/A","N/A","P1","M","Deterministic seeded IDs and role-scoped test fixtures","apps/web/app/[locale]/(app)/pets/[id]/health/nutrition/page.tsx"
"/:locale/pets/:id/health/vaccination","VaccinationSummaryView","Member","Health","Member session; local review bypass exists","yes","B","C","Health / Clinical Health / Storage","Dynamic ID, not-found, authorization and mutation path need route-level end-to-end acceptance","Desktop/mobile and Persian/English acceptance is incomplete; loading, empty, error, not-found and forbidden states not all verified","N/A","N/A","P1","M","Deterministic seeded IDs and role-scoped test fixtures","apps/web/app/[locale]/(app)/pets/[id]/health/vaccination/page.tsx"
"/:locale/pets/:id/insurance","PetInsuranceView","Public / member","Pets / Pet Profile","Public browse; session required for protected mutations where applicable","yes","B","C","Pets / Pet Access / Households","Dynamic ID, not-found, authorization and mutation path need route-level end-to-end acceptance","Desktop/mobile and Persian/English acceptance is incomplete; loading, empty, error, not-found and forbidden states not all verified","Admin customer 360 only; no pet operations workspace","N/A","P2","M","Deterministic seeded IDs and role-scoped test fixtures","apps/web/app/[locale]/(app)/pets/[id]/insurance/page.tsx"
"/:locale/pets/:id/life-timeline","LifeTimelineView","Member","Pets / Pet Profile","Member session; local review bypass exists","yes","B","C","Pets / Pet Access / Households","Dynamic ID, not-found, authorization and mutation path need route-level end-to-end acceptance","Desktop/mobile and Persian/English acceptance is incomplete; loading, empty, error, not-found and forbidden states not all verified","Admin customer 360 only; no pet operations workspace","N/A","P2","M","Deterministic seeded IDs and role-scoped test fixtures","apps/web/app/[locale]/(app)/pets/[id]/life-timeline/page.tsx"
"/:locale/pets/:id/lost","LostPetIncidentListView","Member","Lost Pet","Member session; local review bypass exists","yes","B","C","Lost Pet / Storage / messaging","Dynamic ID, not-found, authorization and mutation path need route-level end-to-end acceptance","Desktop/mobile and Persian/English acceptance is incomplete; loading, empty, error, not-found and forbidden states not all verified","No admin lost-pet operations page","N/A","P2","M","Deterministic seeded IDs and role-scoped test fixtures","apps/web/app/[locale]/(app)/pets/[id]/lost/page.tsx"
"/:locale/pets/:id/lost/:incidentId","LostPetIncidentDetailView","Member","Lost Pet","Member session; local review bypass exists","yes","B","C","Lost Pet / Storage / messaging","Dynamic ID, not-found, authorization and mutation path need route-level end-to-end acceptance","Desktop/mobile and Persian/English acceptance is incomplete; loading, empty, error, not-found and forbidden states not all verified","No admin lost-pet operations page","N/A","P2","M","Deterministic seeded IDs and role-scoped test fixtures","apps/web/app/[locale]/(app)/pets/[id]/lost/[incidentId]/page.tsx"
"/:locale/pets/:id/lost/report","ReportLostPetView","Member","Lost Pet","Member session; local review bypass exists","yes","B","C","Lost Pet / Storage / messaging","Dynamic ID, not-found, authorization and mutation path need route-level end-to-end acceptance","Desktop/mobile and Persian/English acceptance is incomplete; loading, empty, error, not-found and forbidden states not all verified","No admin lost-pet operations page","N/A","P2","M","Deterministic seeded IDs and role-scoped test fixtures","apps/web/app/[locale]/(app)/pets/[id]/lost/report/page.tsx"
"/:locale/pets/:id/memories","MemoriesListView","Member","Memories","Member session; local review bypass exists","yes","B","C","Memories / Storage","Dynamic ID, not-found, authorization and mutation path need route-level end-to-end acceptance","Desktop/mobile and Persian/English acceptance is incomplete; loading, empty, error, not-found and forbidden states not all verified","N/A","N/A","P2","M","Deterministic seeded IDs and role-scoped test fixtures","apps/web/app/[locale]/(app)/pets/[id]/memories/page.tsx"
"/:locale/pets/:id/memories/:memoryId","MemoryDetailView","Member","Memories","Member session; local review bypass exists","yes","B","C","Memories / Storage","Dynamic ID, not-found, authorization and mutation path need route-level end-to-end acceptance","Desktop/mobile and Persian/English acceptance is incomplete; loading, empty, error, not-found and forbidden states not all verified","N/A","N/A","P2","M","Deterministic seeded IDs and role-scoped test fixtures","apps/web/app/[locale]/(app)/pets/[id]/memories/[memoryId]/page.tsx"
"/:locale/pets/:id/memories/:memoryId/edit","EditMemoryView","Member","Memories","Member session; local review bypass exists","yes","B","C","Memories / Storage","Dynamic ID, not-found, authorization and mutation path need route-level end-to-end acceptance","Desktop/mobile and Persian/English acceptance is incomplete; loading, empty, error, not-found and forbidden states not all verified","N/A","N/A","P2","M","Deterministic seeded IDs and role-scoped test fixtures","apps/web/app/[locale]/(app)/pets/[id]/memories/[memoryId]/edit/page.tsx"
"/:locale/pets/:id/memories/new","CreateMemoryView","Member","Memories","Member session; local review bypass exists","yes","B","C","Memories / Storage","Dynamic ID, not-found, authorization and mutation path need route-level end-to-end acceptance","Desktop/mobile and Persian/English acceptance is incomplete; loading, empty, error, not-found and forbidden states not all verified","N/A","N/A","P2","M","Deterministic seeded IDs and role-scoped test fixtures","apps/web/app/[locale]/(app)/pets/[id]/memories/new/page.tsx"
"/:locale/pets/:id/travel","TravelHubView","Member","Pet Travel","Member session; local review bypass exists","yes","B","C","Travel readiness / Pets / Health","Dynamic ID, not-found, authorization and mutation path need route-level end-to-end acceptance","Desktop/mobile and Persian/English acceptance is incomplete; loading, empty, error, not-found and forbidden states not all verified","No admin travel operations page","Missing travel partner portal","P1","M","Deterministic seeded IDs and role-scoped test fixtures","apps/web/app/[locale]/(app)/pets/[id]/travel/page.tsx"
"/:locale/pets/:id/travel/:tripId","TripDetailView","Member","Pet Travel","Member session; local review bypass exists","yes","B","C","Travel readiness / Pets / Health","Dynamic ID, not-found, authorization and mutation path need route-level end-to-end acceptance","Desktop/mobile and Persian/English acceptance is incomplete; loading, empty, error, not-found and forbidden states not all verified","No admin travel operations page","Missing travel partner portal","P1","M","Deterministic seeded IDs and role-scoped test fixtures","apps/web/app/[locale]/(app)/pets/[id]/travel/[tripId]/page.tsx"
"/:locale/pets/:id/travel/new","NewTripView","Member","Pet Travel","Member session; local review bypass exists","yes","B","C","Travel readiness / Pets / Health","Dynamic ID, not-found, authorization and mutation path need route-level end-to-end acceptance","Desktop/mobile and Persian/English acceptance is incomplete; loading, empty, error, not-found and forbidden states not all verified","No admin travel operations page","Missing travel partner portal","P1","M","Deterministic seeded IDs and role-scoped test fixtures","apps/web/app/[locale]/(app)/pets/[id]/travel/new/page.tsx"
"/:locale/pets/:id/travel/passport","PetPassportReadinessView","Member","Pet Travel","Member session; local review bypass exists","yes","B","C","Travel readiness / Pets / Health","Dynamic ID, not-found, authorization and mutation path need route-level end-to-end acceptance","Desktop/mobile and Persian/English acceptance is incomplete; loading, empty, error, not-found and forbidden states not all verified","No admin travel operations page","Missing travel partner portal","P1","M","Deterministic seeded IDs and role-scoped test fixtures","apps/web/app/[locale]/(app)/pets/[id]/travel/passport/page.tsx"
"/:locale/pets/active","active","Member","Pets / Pet Profile","Member session; local review bypass exists","yes","B","C","Pets / Pet Access / Households","Primary UI exists, but all actions and domain transitions are not accepted end to end","Desktop/mobile and Persian/English acceptance is incomplete; loading, empty, error and permission states not all verified","Admin customer 360 only; no pet operations workspace","N/A","P2","S","Route-level design and QA acceptance","apps/web/app/[locale]/(app)/pets/active/page.tsx"
"/:locale/pets/new","AddPetView","Member","Pets / Pet Profile","Member session; local review bypass exists","yes","B","C","Pets / Pet Access / Households","Primary UI exists, but all actions and domain transitions are not accepted end to end","Desktop/mobile and Persian/English acceptance is incomplete; loading, empty, error and permission states not all verified","Admin customer 360 only; no pet operations workspace","N/A","P2","S","Route-level design and QA acceptance","apps/web/app/[locale]/(app)/pets/new/page.tsx"
"/:locale/places","PlacesListView","Public / member","Places","Public browse; session required for protected mutations where applicable","yes","B","C","Places / geospatial database","Primary UI exists, but all actions and domain transitions are not accepted end to end","Desktop/mobile and Persian/English acceptance is incomplete; loading, empty, error and permission states not all verified","No admin places page","N/A","P2","S","Route-level design and QA acceptance","apps/web/app/[locale]/(public)/places/page.tsx"
"/:locale/places/:placeId","PlaceDetailView","Public / member","Places","Public browse; session required for protected mutations where applicable","yes","B","C","Places / geospatial database","Dynamic ID, not-found, authorization and mutation path need route-level end-to-end acceptance","Desktop/mobile and Persian/English acceptance is incomplete; loading, empty, error, not-found and forbidden states not all verified","No admin places page","N/A","P2","M","Deterministic seeded IDs and role-scoped test fixtures","apps/web/app/[locale]/(public)/places/[placeId]/page.tsx"
"/:locale/places/favorites","PlacesFavoritesView","Public / member","Places","Public browse; session required for protected mutations where applicable","yes","B","C","Places / geospatial database","Primary UI exists, but all actions and domain transitions are not accepted end to end","Desktop/mobile and Persian/English acceptance is incomplete; loading, empty, error and permission states not all verified","No admin places page","N/A","P2","S","Route-level design and QA acceptance","apps/web/app/[locale]/(app)/places/favorites/page.tsx"
"/:locale/profile","MemberProfileView","Member","Profile","Member session; local review bypass exists","yes","B","C","Users / Households","Primary UI exists, but all actions and domain transitions are not accepted end to end","Desktop/mobile and Persian/English acceptance is incomplete; loading, empty, error and permission states not all verified","Admin customer 360 exists","N/A","P2","S","Route-level design and QA acceptance","apps/web/app/[locale]/(app)/profile/page.tsx"
"/:locale/provider","ProviderHomeView","Provider staff","Provider OS","Provider session/role; local review is read-only bypass","yes","B","C","Provider OS / Vet Panel / Booking / Clinical Health","Primary UI exists, but all actions and domain transitions are not accepted end to end","Desktop/mobile and Persian/English acceptance is incomplete; loading, empty, error and permission states not all verified","N/A","N/A","P1","M","Route-level design and QA acceptance","apps/web/app/[locale]/(provider)/provider/page.tsx"
"/:locale/provider/availability","ProviderAvailabilityView","Provider staff","Provider OS","Provider session/role; local review is read-only bypass","yes","B","C","Provider OS / Vet Panel / Booking / Clinical Health","Primary UI exists, but all actions and domain transitions are not accepted end to end","Desktop/mobile and Persian/English acceptance is incomplete; loading, empty, error and permission states not all verified","N/A","N/A","P1","M","Route-level design and QA acceptance","apps/web/app/[locale]/(provider)/provider/availability/page.tsx"
"/:locale/provider/bookings","ProviderBookingsView","Provider staff","Provider OS","Provider session/role; local review is read-only bypass","yes","B","C","Provider OS / Vet Panel / Booking / Clinical Health","Primary UI exists, but all actions and domain transitions are not accepted end to end","Desktop/mobile and Persian/English acceptance is incomplete; loading, empty, error and permission states not all verified","N/A","N/A","P1","M","Route-level design and QA acceptance","apps/web/app/[locale]/(provider)/provider/bookings/page.tsx"
"/:locale/provider/bookings/:id","ProviderBookingDetailView","Provider staff","Provider OS","Provider session/role; local review is read-only bypass","yes","B","C","Provider OS / Vet Panel / Booking / Clinical Health","Dynamic ID, not-found, authorization and mutation path need route-level end-to-end acceptance","Desktop/mobile and Persian/English acceptance is incomplete; loading, empty, error, not-found and forbidden states not all verified","N/A","N/A","P1","M","Deterministic seeded IDs and role-scoped test fixtures","apps/web/app/[locale]/(provider)/provider/bookings/[id]/page.tsx"
"/:locale/provider/calendar","ProviderScheduleView","Provider staff","Provider OS","Provider session/role; local review is read-only bypass","yes","B","C","Provider OS / Vet Panel / Booking / Clinical Health","Primary UI exists, but all actions and domain transitions are not accepted end to end","Desktop/mobile and Persian/English acceptance is incomplete; loading, empty, error and permission states not all verified","N/A","N/A","P1","M","Route-level design and QA acceptance","apps/web/app/[locale]/(provider)/provider/calendar/page.tsx"
"/:locale/provider/clinical","VetClinicalDashboardView","Provider staff","Provider OS","Provider session/role; local review is read-only bypass","yes","B","C","Provider OS / Vet Panel / Booking / Clinical Health","Primary UI exists, but all actions and domain transitions are not accepted end to end","Desktop/mobile and Persian/English acceptance is incomplete; loading, empty, error and permission states not all verified","N/A","N/A","P1","M","Route-level design and QA acceptance","apps/web/app/[locale]/(provider)/provider/clinical/page.tsx"
"/:locale/provider/hospitalizations/:hospitalizationId","VetTreatmentSheetView","Provider staff","Provider OS","Provider session/role; local review is read-only bypass","yes","B","C","Provider OS / Vet Panel / Booking / Clinical Health","Dynamic ID, not-found, authorization and mutation path need route-level end-to-end acceptance","Desktop/mobile and Persian/English acceptance is incomplete; loading, empty, error, not-found and forbidden states not all verified","N/A","N/A","P1","M","Deterministic seeded IDs and role-scoped test fixtures","apps/web/app/[locale]/(provider)/provider/hospitalizations/[hospitalizationId]/page.tsx"
"/:locale/provider/patients","VetPatientRegistryView","Provider staff","Provider OS","Provider session/role; local review is read-only bypass","yes","B","C","Provider OS / Vet Panel / Booking / Clinical Health","Primary UI exists, but all actions and domain transitions are not accepted end to end","Desktop/mobile and Persian/English acceptance is incomplete; loading, empty, error and permission states not all verified","N/A","N/A","P1","M","Route-level design and QA acceptance","apps/web/app/[locale]/(provider)/provider/patients/page.tsx"
"/:locale/provider/patients/:petId","VetPatientRecordView","Provider staff","Provider OS","Provider session/role; local review is read-only bypass","yes","B","C","Provider OS / Vet Panel / Booking / Clinical Health","Dynamic ID, not-found, authorization and mutation path need route-level end-to-end acceptance","Desktop/mobile and Persian/English acceptance is incomplete; loading, empty, error, not-found and forbidden states not all verified","N/A","N/A","P1","M","Deterministic seeded IDs and role-scoped test fixtures","apps/web/app/[locale]/(provider)/provider/patients/[petId]/page.tsx"
"/:locale/provider/services","ProviderServicesView","Provider staff","Provider OS","Provider session/role; local review is read-only bypass","yes","B","C","Provider OS / Vet Panel / Booking / Clinical Health","Primary UI exists, but all actions and domain transitions are not accepted end to end","Desktop/mobile and Persian/English acceptance is incomplete; loading, empty, error and permission states not all verified","N/A","N/A","P1","M","Route-level design and QA acceptance","apps/web/app/[locale]/(provider)/provider/services/page.tsx"
"/:locale/provider/team","ProviderTeamView","Provider staff","Provider OS","Provider session/role; local review is read-only bypass","yes","B","C","Provider OS / Vet Panel / Booking / Clinical Health","Primary UI exists, but all actions and domain transitions are not accepted end to end","Desktop/mobile and Persian/English acceptance is incomplete; loading, empty, error and permission states not all verified","N/A","N/A","P1","M","Route-level design and QA acceptance","apps/web/app/[locale]/(provider)/provider/team/page.tsx"
"/:locale/provider/visits/:id","ProviderClinicalVisitView","Provider staff","Provider OS","Provider session/role; local review is read-only bypass","yes","B","C","Provider OS / Vet Panel / Booking / Clinical Health","Dynamic ID, not-found, authorization and mutation path need route-level end-to-end acceptance","Desktop/mobile and Persian/English acceptance is incomplete; loading, empty, error, not-found and forbidden states not all verified","N/A","N/A","P1","M","Deterministic seeded IDs and role-scoped test fixtures","apps/web/app/[locale]/(provider)/provider/visits/[id]/page.tsx"
"/:locale/register","register","Guest / member","Auth","Public browse; session required for protected mutations where applicable","yes","B","C","Auth / Users / external OTP-email-OAuth adapters","Production OTP/email and OAuth credentials/integration acceptance remain","Desktop/mobile and Persian/English acceptance is incomplete; loading, empty, error and permission states not all verified","N/A","N/A","P2","S","SMS/email/OAuth provider credentials and production callback configuration","apps/web/app/[locale]/(auth)/register/page.tsx"
"/:locale/seller","SellerDashboardView","Seller staff","Seller OS","Seller session/role; local review is read-only bypass","yes","B","C","Seller OS / Orders / Inventory / Finance / Marketplace","Primary UI exists, but all actions and domain transitions are not accepted end to end","Desktop/mobile and Persian/English acceptance is incomplete; loading, empty, error and permission states not all verified","N/A","N/A","P1","M","Route-level design and QA acceptance","apps/web/app/[locale]/(seller)/seller/page.tsx"
"/:locale/seller/channels","SellerChannelsView","Seller staff","Seller OS","Seller session/role; local review is read-only bypass","yes","B","C","Seller OS / Orders / Inventory / Finance / Marketplace","Torob/Digikala production connectors are unimplemented","Desktop/mobile and Persian/English acceptance is incomplete; loading, empty, error and permission states not all verified","N/A","N/A","P1","M","Official marketplace partner APIs and credentials","apps/web/app/[locale]/(seller)/seller/channels/page.tsx"
"/:locale/seller/finance","SellerFinanceView","Seller staff","Seller OS","Seller session/role; local review is read-only bypass","yes","B","C","Seller OS / Orders / Inventory / Finance / Marketplace","Primary UI exists, but all actions and domain transitions are not accepted end to end","Desktop/mobile and Persian/English acceptance is incomplete; loading, empty, error and permission states not all verified","N/A","N/A","P1","M","Route-level design and QA acceptance","apps/web/app/[locale]/(seller)/seller/finance/page.tsx"
"/:locale/seller/finance/settlements","SellerSettlementsView","Seller staff","Seller OS","Seller session/role; local review is read-only bypass","yes","B","C","Seller OS / Orders / Inventory / Finance / Marketplace","Primary UI exists, but all actions and domain transitions are not accepted end to end","Desktop/mobile and Persian/English acceptance is incomplete; loading, empty, error and permission states not all verified","N/A","N/A","P1","M","Route-level design and QA acceptance","apps/web/app/[locale]/(seller)/seller/finance/settlements/page.tsx"
"/:locale/seller/finance/settlements/:id","SellerSettlementDetailView","Seller staff","Seller OS","Seller session/role; local review is read-only bypass","yes","B","C","Seller OS / Orders / Inventory / Finance / Marketplace","Dynamic ID, not-found, authorization and mutation path need route-level end-to-end acceptance","Desktop/mobile and Persian/English acceptance is incomplete; loading, empty, error, not-found and forbidden states not all verified","N/A","N/A","P1","M","Deterministic seeded IDs and role-scoped test fixtures","apps/web/app/[locale]/(seller)/seller/finance/settlements/[id]/page.tsx"
"/:locale/seller/finance/transactions","SellerTransactionsView","Seller staff","Seller OS","Seller session/role; local review is read-only bypass","yes","B","C","Seller OS / Orders / Inventory / Finance / Marketplace","Primary UI exists, but all actions and domain transitions are not accepted end to end","Desktop/mobile and Persian/English acceptance is incomplete; loading, empty, error and permission states not all verified","N/A","N/A","P1","M","Route-level design and QA acceptance","apps/web/app/[locale]/(seller)/seller/finance/transactions/page.tsx"
"/:locale/seller/inventory","SellerInventoryView","Seller staff","Seller OS","Seller session/role; local review is read-only bypass","yes","B","C","Seller OS / Orders / Inventory / Finance / Marketplace","Primary UI exists, but all actions and domain transitions are not accepted end to end","Desktop/mobile and Persian/English acceptance is incomplete; loading, empty, error and permission states not all verified","N/A","N/A","P1","M","Route-level design and QA acceptance","apps/web/app/[locale]/(seller)/seller/inventory/page.tsx"
"/:locale/seller/offers","SellerOffersView","Seller staff","Seller OS","Seller session/role; local review is read-only bypass","yes","B","C","Seller OS / Orders / Inventory / Finance / Marketplace","Primary UI exists, but all actions and domain transitions are not accepted end to end","Desktop/mobile and Persian/English acceptance is incomplete; loading, empty, error and permission states not all verified","N/A","N/A","P1","M","Route-level design and QA acceptance","apps/web/app/[locale]/(seller)/seller/offers/page.tsx"
"/:locale/seller/orders","SellerOrdersView","Seller staff","Seller OS","Seller session/role; local review is read-only bypass","yes","B","C","Seller OS / Orders / Inventory / Finance / Marketplace","Primary UI exists, but all actions and domain transitions are not accepted end to end","Desktop/mobile and Persian/English acceptance is incomplete; loading, empty, error and permission states not all verified","N/A","N/A","P1","M","Route-level design and QA acceptance","apps/web/app/[locale]/(seller)/seller/orders/page.tsx"
"/:locale/seller/orders/:id","SellerOrderDetailView","Seller staff","Seller OS","Seller session/role; local review is read-only bypass","yes","B","C","Seller OS / Orders / Inventory / Finance / Marketplace","Dynamic ID, not-found, authorization and mutation path need route-level end-to-end acceptance","Desktop/mobile and Persian/English acceptance is incomplete; loading, empty, error, not-found and forbidden states not all verified","N/A","N/A","P1","M","Deterministic seeded IDs and role-scoped test fixtures","apps/web/app/[locale]/(seller)/seller/orders/[id]/page.tsx"
"/:locale/seller/settings","SellerSettingsView","Seller staff","Seller OS","Seller session/role; local review is read-only bypass","yes","B","C","Seller OS / Orders / Inventory / Finance / Marketplace","Primary UI exists, but all actions and domain transitions are not accepted end to end","Desktop/mobile and Persian/English acceptance is incomplete; loading, empty, error and permission states not all verified","N/A","N/A","P1","M","Route-level design and QA acceptance","apps/web/app/[locale]/(seller)/seller/settings/page.tsx"
"/:locale/seller/team","SellerTeamView","Seller staff","Seller OS","Seller session/role; local review is read-only bypass","yes","B","C","Seller OS / Orders / Inventory / Finance / Marketplace","Primary UI exists, but all actions and domain transitions are not accepted end to end","Desktop/mobile and Persian/English acceptance is incomplete; loading, empty, error and permission states not all verified","N/A","N/A","P1","M","Route-level design and QA acceptance","apps/web/app/[locale]/(seller)/seller/team/page.tsx"
"/:locale/services","ExploreServicesView","Public / member","Services","Public browse; session required for protected mutations where applicable","yes","B","C","Services / Providers / Booking","Pet-scoped compatibility authorization must be fixed; vet-only filtering is not enforced in provider search","Desktop/mobile and Persian/English acceptance is incomplete; loading, empty, error and permission states not all verified","No admin services catalog page","Provider services exists","P0","S","Route-level design and QA acceptance","apps/web/app/[locale]/(public)/services/page.tsx"
"/:locale/services/:category","ServiceResultsView","Public / member","Services","Public browse; session required for protected mutations where applicable","yes","B","C","Services / Providers / Booking","Pet-scoped compatibility authorization must be fixed; vet-only filtering is not enforced in provider search","Desktop/mobile and Persian/English acceptance is incomplete; loading, empty, error, not-found and forbidden states not all verified","No admin services catalog page","Provider services exists","P0","M","Deterministic seeded IDs and role-scoped test fixtures","apps/web/app/[locale]/(public)/services/[category]/page.tsx"
"/:locale/services/:category/:serviceId/book","ServiceBookingWizard","Public / member","Services","Public browse; session required for protected mutations where applicable","yes","B","C","Services / Providers / Booking","Pet-scoped compatibility authorization must be fixed; vet-only filtering is not enforced in provider search","Desktop/mobile and Persian/English acceptance is incomplete; loading, empty, error, not-found and forbidden states not all verified","No admin services catalog page","Provider services exists","P0","M","Deterministic seeded IDs and role-scoped test fixtures","apps/web/app/[locale]/(public)/services/[category]/[serviceId]/book/page.tsx"
"/:locale/shop","ShopHomeView","Public / member","Commerce","Public browse; session required for protected mutations where applicable","yes","B","B","Catalog / Marketplace / Storage","Primary UI exists, but all actions and domain transitions are not accepted end to end","Desktop/mobile and Persian/English acceptance is incomplete; loading, empty, error and permission states not all verified","No admin product/catalog operations page","Seller OS exists","P2","S","Route-level design and QA acceptance","apps/web/app/[locale]/(public)/shop/page.tsx"
"/:locale/shop/products","ProductResultsView","Public / member","Commerce","Public browse; session required for protected mutations where applicable","yes","B","B","Catalog / Marketplace / Storage","Primary UI exists, but all actions and domain transitions are not accepted end to end","Desktop/mobile and Persian/English acceptance is incomplete; loading, empty, error and permission states not all verified","No admin product/catalog operations page","Seller OS exists","P2","S","Route-level design and QA acceptance","apps/web/app/[locale]/(public)/shop/products/page.tsx"
"/:locale/shop/products/:id","ProductDetailView","Public / member","Commerce","Public browse; session required for protected mutations where applicable","yes","B","B","Catalog / Marketplace / Storage","Dynamic ID, not-found, authorization and mutation path need route-level end-to-end acceptance","Desktop/mobile and Persian/English acceptance is incomplete; loading, empty, error, not-found and forbidden states not all verified","No admin product/catalog operations page","Seller OS exists","P2","M","Deterministic seeded IDs and role-scoped test fixtures","apps/web/app/[locale]/(public)/shop/products/[id]/page.tsx"
"/:locale/subscription","SubscriptionOverviewView","Member","Subscription","Member session; local review bypass exists","yes","B","C","Subscriptions / billing provider","Production billing, renewal, cancellation and shipment integration need end-to-end acceptance","Desktop/mobile and Persian/English acceptance is incomplete; loading, empty, error and permission states not all verified","Admin subscription exists","N/A","P1","M","Route-level design and QA acceptance","apps/web/app/[locale]/(app)/subscription/page.tsx"
"/:locale/subscription/plans","SubscriptionPlansView","Member","Subscription","Member session; local review bypass exists","yes","B","C","Subscriptions / billing provider","Production billing, renewal, cancellation and shipment integration need end-to-end acceptance","Desktop/mobile and Persian/English acceptance is incomplete; loading, empty, error and permission states not all verified","Admin subscription exists","N/A","P1","M","Route-level design and QA acceptance","apps/web/app/[locale]/(app)/subscription/plans/page.tsx"
"/:locale/support","SupportHomeView","Member","Support","Member session; local review bypass exists","yes","B","C","Support / Notifications","Primary UI exists, but all actions and domain transitions are not accepted end to end","Desktop/mobile and Persian/English acceptance is incomplete; loading, empty, error and permission states not all verified","Admin support exists","Missing provider/seller support view","P2","S","Route-level design and QA acceptance","apps/web/app/[locale]/(app)/support/page.tsx"
"/:locale/support/new","CreateTicketView","Member","Support","Member session; local review bypass exists","yes","B","C","Support / Notifications","Primary UI exists, but all actions and domain transitions are not accepted end to end","Desktop/mobile and Persian/English acceptance is incomplete; loading, empty, error and permission states not all verified","Admin support exists","Missing provider/seller support view","P2","S","Route-level design and QA acceptance","apps/web/app/[locale]/(app)/support/new/page.tsx"
"/:locale/support/tickets","MyTicketsView","Member","Support","Member session; local review bypass exists","yes","B","C","Support / Notifications","Primary UI exists, but all actions and domain transitions are not accepted end to end","Desktop/mobile and Persian/English acceptance is incomplete; loading, empty, error and permission states not all verified","Admin support exists","Missing provider/seller support view","P2","S","Route-level design and QA acceptance","apps/web/app/[locale]/(app)/support/tickets/page.tsx"
"/:locale/support/tickets/:id","TicketDetailView","Member","Support","Member session; local review bypass exists","yes","B","C","Support / Notifications","Dynamic ID, not-found, authorization and mutation path need route-level end-to-end acceptance","Desktop/mobile and Persian/English acceptance is incomplete; loading, empty, error, not-found and forbidden states not all verified","Admin support exists","Missing provider/seller support view","P2","M","Deterministic seeded IDs and role-scoped test fixtures","apps/web/app/[locale]/(app)/support/tickets/[id]/page.tsx"
"/:locale/vet/:providerId","VetProfileView","Public / member","Vet","Public browse; session required for protected mutations where applicable","yes","B","C","Providers / Services / Booking","Pet-scoped compatibility authorization must be fixed; vet-only filtering is not enforced in provider search","Desktop/mobile and Persian/English acceptance is incomplete; loading, empty, error, not-found and forbidden states not all verified","Provider list exists; no partner detail/verification page","Provider OS exists","P0","M","Deterministic seeded IDs and role-scoped test fixtures","apps/web/app/[locale]/(public)/vet/[providerId]/page.tsx"
"/:locale/vet/:providerId/book","BookingWizard","Public / member","Vet","Public browse; session required for protected mutations where applicable","yes","B","C","Providers / Services / Booking","Pet-scoped compatibility authorization must be fixed; vet-only filtering is not enforced in provider search","Desktop/mobile and Persian/English acceptance is incomplete; loading, empty, error, not-found and forbidden states not all verified","Provider list exists; no partner detail/verification page","Provider OS exists","P0","M","Deterministic seeded IDs and role-scoped test fixtures","apps/web/app/[locale]/(public)/vet/[providerId]/book/page.tsx"
"/:locale/vet/find","FindVetView","Public / member","Vet","Public browse; session required for protected mutations where applicable","yes","B","C","Providers / Services / Booking","Pet-scoped compatibility authorization must be fixed; vet-only filtering is not enforced in provider search","Desktop/mobile and Persian/English acceptance is incomplete; loading, empty, error and permission states not all verified","Provider list exists; no partner detail/verification page","Provider OS exists","P0","S","Route-level design and QA acceptance","apps/web/app/[locale]/(public)/vet/find/page.tsx"
"/:locale/welcome","welcome","Guest / member","Auth","Public browse; session required for protected mutations where applicable","yes","B","C","Auth / Users / external OTP-email-OAuth adapters","Production OTP/email and OAuth credentials/integration acceptance remain","Desktop/mobile and Persian/English acceptance is incomplete; loading, empty, error and permission states not all verified","N/A","N/A","P2","S","SMS/email/OAuth provider credentials and production callback configuration","apps/web/app/[locale]/(auth)/welcome/page.tsx"
